{"thrust": 10568.169577024173, "time": 31.272500470629872, "impulse": 330493.08807118476, "rho_ox": 1177.0578251674194, "rho_fuel": 843.4232622292875, "pc": 2068428.0, "pinj": 2077029.9248836928, "pe": 101352.972, "g": 9.81, "rm": 3.524453151938709, "phi": 1.069046734357722, "at": 0.003766914862504391, "rt": 0.03462724709167338, "cr": 10.091341342894703, "rc": 0.10999993138787546, "ac": 0.038013223687155075, "l_star": 1.016, "mol_weight": 24.238831359913178, "gamma": 1.1449394696642383, "gamma_exit": 1.224257133146832, "gamma_throat": 1.149059405654936, "isp": 214.9574779198145, "temp_c": 2910.3044532042254, "rg": [0.3430033352907399], "pr_throat": 0.5266953268343141, "rho_throat": 1.2748377700784141, "temp_e": 1898.932473739303, "v_exit": 2218.3841995624334, "a_exit": 881.9583445918753, "mach_exit": 2.5152936226131937, "temp_throat": 2735.1336738647738, "p_throat": 3607811.9984239526, "v_throat": 1033.8560692832266, "mdot": 5.011620857976265, "mdot_ox": 3.9039464739838468, "mdot_fuel": 1.1076743839924184, "er": 3.7245098525477096, "cstar": 1487.9238585814594, "cf": 1.3563555868124553, "c_eff": null, "rho_av": null, "vc": null, "theta_con": null, "lc": 0.07214573219647123, "theta_div": null, "ln_conical": 0.12441062735634674, "ln_bell": null, "throat_radius_curvature": 0.0508, "ae": 0.014029911519106006, "re": 0.06682708686464858, "nv": null, "nvstar": null, "nf": null, "nw": null, "fuelname": "Ethanol_75", "oxname": "N2O", "CEA": null, "pambient": 101352.972, "cf_efficiency": 0.95, "isp_efficiency": 0.95, "thetac": 0.6108652381980153, "thetai": null, "thetae": null, "lstar": 1.24, "dp": [1034214.0, 1034214.0], "prns": 0.4981621465589777, "viscosityns": 9.82440450347528e-07, "cpns": 3910.6151270239757, "mi": 113.16040062291515, "L": 0.580710863040528, "M": 269.8863162625964, "wstruct": 45.260559173236125, "newheight": 5.57278587218083, "heightox": 1.4976361130889757, "heightfuel": 0.5930165113048366, "vol_ox": 0.10372147003704656, "vol_fuel": 0.04107042009150872, "P_tank": [3102642.0, 3102642.0], "twg_max": 989.4375387090745, "twc_max": 668.5931056181005}