{"thrust": 17792.872, "time": 40, "pc": 2068428.0, "pe": 101352.972, "cr": null, "TWR": 4, "lstar": 1.24, "fuelname": "Ethanol_75", "oxname": "N2O", "throat_radius_curvature": 0.0508, "dp": 1034214.0, "impulseguess": 495555.24828424345, "rc": 0.11, "thetac": 0.6108652381980153, "0": "0"}